{"assets/fonts/Muli-Bold.ttf":["assets/fonts/Muli-Bold.ttf"],"assets/fonts/Muli-ExtraLight.ttf":["assets/fonts/Muli-ExtraLight.ttf"],"assets/fonts/Muli-Light.ttf":["assets/fonts/Muli-Light.ttf"],"assets/fonts/Muli-SemiBold.ttf":["assets/fonts/Muli-SemiBold.ttf"],"assets/fonts/Muli.ttf":["assets/fonts/Muli.ttf"],"assets/images/LoyaltyCard.png":["assets/images/LoyaltyCard.png"],"assets/images/about.png":["assets/images/about.png"],"assets/images/address.svg":["assets/images/address.svg"],"assets/images/addressIcon.svg":["assets/images/addressIcon.svg"],"assets/images/arrow.svg":["assets/images/arrow.svg"],"assets/images/back.png":["assets/images/back.png"],"assets/images/bottomMenuLogo.png":["assets/images/bottomMenuLogo.png"],"assets/images/cart.svg":["assets/images/cart.svg"],"assets/images/cartIcon.svg":["assets/images/cartIcon.svg"],"assets/images/confirmation.svg":["assets/images/confirmation.svg"],"assets/images/copylink_icon.png":["assets/images/copylink_icon.png"],"assets/images/cup.png":["assets/images/cup.png"],"assets/images/dessert.png":["assets/images/dessert.png"],"assets/images/dish.png":["assets/images/dish.png"],"assets/images/facebook_icon.png":["assets/images/facebook_icon.png"],"assets/images/fail.png":["assets/images/fail.png"],"assets/images/foodIcon.svg":["assets/images/foodIcon.svg"],"assets/images/heart.svg":["assets/images/heart.svg"],"assets/images/heartEmpty.svg":["assets/images/heartEmpty.svg"],"assets/images/heartIcon.svg":["assets/images/heartIcon.svg"],"assets/images/home.png":["assets/images/home.png"],"assets/images/home.svg":["assets/images/home.svg"],"assets/images/lunch.png":["assets/images/lunch.png"],"assets/images/lunchImage.png":["assets/images/lunchImage.png"],"assets/images/note.svg":["assets/images/note.svg"],"assets/images/notification.png":["assets/images/notification.png"],"assets/images/notificationIcon.svg":["assets/images/notificationIcon.svg"],"assets/images/pizza.png":["assets/images/pizza.png"],"assets/images/pmck_logo.png":["assets/images/pmck_logo.png"],"assets/images/pmck_logo2.png":["assets/images/pmck_logo2.png"],"assets/images/profile.svg":["assets/images/profile.svg"],"assets/images/rrow.png":["assets/images/rrow.png"],"assets/images/sampleImage.png":["assets/images/sampleImage.png"],"assets/images/scooter.svg":["assets/images/scooter.svg"],"assets/images/search.svg":["assets/images/search.svg"],"assets/images/searchRed.svg":["assets/images/searchRed.svg"],"assets/images/setting.png":["assets/images/setting.png"],"assets/images/sms_icon.png":["assets/images/sms_icon.png"],"assets/images/star.svg":["assets/images/star.svg"],"assets/images/star_1.png":["assets/images/star_1.png"],"assets/images/star_2.png":["assets/images/star_2.png"],"assets/images/success.jpg":["assets/images/success.jpg"],"assets/images/swiperImage.png":["assets/images/swiperImage.png"],"assets/images/test1.png":["assets/images/test1.png"],"assets/images/whatsapp_icon.png":["assets/images/whatsapp_icon.png"],"packages/cupertino_icons/assets/CupertinoIcons.ttf":["packages/cupertino_icons/assets/CupertinoIcons.ttf"],"packages/fluttertoast/assets/toastify.css":["packages/fluttertoast/assets/toastify.css"],"packages/fluttertoast/assets/toastify.js":["packages/fluttertoast/assets/toastify.js"]}